نام,وضعیت,ردیف اکسل,فایل تصویر
ابراهیم عباسی,,48,images/creators/creator-01.webp
ابوالفضل شهرآبادی,,49,images/creators/creator-02.webp
امید فرجی,,51,images/creators/creator-03.webp
امیرسینا جیرفتی,,52,images/creators/creator-04.webp
امین آذریان,,53,images/creators/creator-05.webp
بهروز خدارحمی,,55,images/creators/creator-06.webp
بیتا مشایخی,,56,images/creators/creator-07.webp
جواد عشقی نژاد,,57,images/creators/creator-08.webp
حامد تاجمیر ریاحی,,60,images/creators/creator-09.webp
حسن قالیباف اصل,,61,images/creators/creator-10.webp
حیدر فروغ نژاد,,66,images/creators/creator-11.webp
ذبیح‌اله رضایی,,67,images/creators/creator-12.webp
رضا تهرانی,,68,images/creators/creator-13.webp
روح اله فرهادی,,70,images/creators/creator-14.webp
روح اله گنجی,,71,images/creators/creator-15.webp
سعید باجلان,,74,images/creators/creator-16.webp
سعید مستشار,,78,images/creators/creator-17.webp
سهیلا نجف پور,,80,images/creators/creator-18.webp
سیدعلی غروی,,82,images/creators/creator-19.webp
سیدمحسن موسوی,مرحوم,41,images/creators/creator-20.webp
سیدمحمد هاشمی نژاد,,84,images/creators/creator-21.webp
سیدمحمدجواد فرهانیان,,85,images/creators/creator-22.webp
سیدمهدی میرمسیب,,88,images/creators/creator-23.webp
شاهین احمدی,,89,images/creators/creator-24.webp
شهاب الدین شمس,,91,images/creators/creator-25.webp
شهلا کشاورزنژاد,مرحوم,42,images/creators/creator-26.webp
شکیبا پورمند,,90,images/creators/creator-27.webp
عبدالساده نیسی,,92,images/creators/creator-28.webp
علی سعیدی,,94,images/creators/creator-29.webp
علی صالح آبادی,,95,images/creators/creator-30.webp
علی عبدالهی,,97,images/creators/creator-31.webp
علی ناظمی,,98,images/creators/creator-32.webp
غدیرعلی ممیز,مرحوم,43,images/creators/creator-33.webp
غلامرضا کرمی,,102,images/creators/creator-34.webp
فریدون رهنمای رودپشتی,,107,images/creators/creator-35.webp
مانی الهی,,110,images/creators/creator-36.webp
مجید افشاری,,112,images/creators/creator-37.webp
محمد سیرانی,,116,images/creators/creator-38.webp
محمد غواصی کناری,,119,images/creators/creator-39.webp
محمد ندیری,,122,images/creators/creator-40.webp
محمداسماعیل فدائی نژاد,,123,images/creators/creator-41.webp
محمدحسین زمانی,,124,images/creators/creator-42.webp
محمدرضا سیمیاری,,125,images/creators/creator-43.webp
محمدرضا یاسینی,مرحوم,45,images/creators/creator-44.webp
محمدعلی اسماعیل‌پور قمشه‌ای,مرحوم,46,images/creators/creator-45.webp
محمدعلی میرزاکوچک شیرازی,,128,images/creators/creator-46.webp
محمدمهدی مؤمن‌زاده,,129,images/creators/creator-47.webp
مریم معصومی,,132,images/creators/creator-48.webp
مهدی صالحی فرهادپور,,136,images/creators/creator-49.webp
مهدی کنعانی,,138,images/creators/creator-50.webp
موسی احمدی,,140,images/creators/creator-51.webp
میثم دعایی,,141,images/creators/creator-52.webp
میثم فدایی واحد,,143,images/creators/creator-53.webp
ناصر مکارم شیرازی,,145,images/creators/creator-54.webp
هادی جمالیان,,147,images/creators/creator-55.webp
